{
  "0.0": {
    "wer": 101.1363636364,
    "cer": 83.7879887978,
    "normalized_wer": 12.654155496,
    "normalized_cer": 5.4351208381
  },
  "0.05": {
    "wer": 101.0822510823,
    "cer": 83.7672440618,
    "normalized_wer": 12.7613941019,
    "normalized_cer": 5.4662379421
  },
  "0.1": {
    "wer": 100.974025974,
    "cer": 83.93320195,
    "normalized_wer": 12.5469168901,
    "normalized_cer": 5.3002800539
  },
  "0.15": {
    "wer": 100.6493506494,
    "cer": 83.5909138056,
    "normalized_wer": 12.0107238606,
    "normalized_cer": 5.0720879577
  },
  "0.2": {
    "wer": 100.9199134199,
    "cer": 83.8191059019,
    "normalized_wer": 12.2788203753,
    "normalized_cer": 4.7401721813
  },
  "0.25": {
    "wer": 101.3528138528,
    "cer": 83.7879887978,
    "normalized_wer": 13.3512064343,
    "normalized_cer": 5.2587905819
  },
  "0.3": {
    "wer": 101.8398268398,
    "cer": 83.7672440618,
    "normalized_wer": 13.9946380697,
    "normalized_cer": 5.4766103101
  },
  "0.35": {
    "wer": 101.8398268398,
    "cer": 84.0887874702,
    "normalized_wer": 16.4611260054,
    "normalized_cer": 6.4412405352
  },
  "0.4": {
    "wer": 102.5432900433,
    "cer": 85.2712374235,
    "normalized_wer": 21.1260053619,
    "normalized_cer": 8.3705009854
  },
  "0.45": {
    "wer": 103.3008658009,
    "cer": 86.1632610725,
    "normalized_wer": 31.0991957105,
    "normalized_cer": 15.6622756975
  },
  "0.5": {
    "wer": 110.1731601732,
    "cer": 94.2018462815,
    "normalized_wer": 64.8793565684,
    "normalized_cer": 38.9793589877
  },
  "0.55": {
    "wer": 130.4653679654,
    "cer": 115.195519137,
    "normalized_wer": 124.2895442359,
    "normalized_cer": 101.3691525775
  },
  "0.6": {
    "wer": 100.0,
    "cer": 100.0,
    "normalized_wer": 99.8391420912,
    "normalized_cer": 98.9731355668
  },
  "0.65": {
    "wer": 100.0,
    "cer": 100.0,
    "normalized_wer": 99.6246648794,
    "normalized_cer": 98.6723368945
  },
  "0.7": {
    "wer": 100.0,
    "cer": 100.0,
    "normalized_wer": 100.0,
    "normalized_cer": 100.0
  },
  "0.75": {
    "wer": 100.0,
    "cer": 100.0,
    "normalized_wer": 98.4986595174,
    "normalized_cer": 97.9358987657
  },
  "0.8": {
    "wer": 100.0,
    "cer": 124.8418213878,
    "normalized_wer": 99.4638069705,
    "normalized_cer": 98.7864329426
  },
  "0.85": {
    "wer": 519.2640692641,
    "cer": 386.0180479203,
    "normalized_wer": 513.2439678284,
    "normalized_cer": 374.9092417799
  },
  "0.9": {
    "wer": 100.0,
    "cer": 100.0,
    "normalized_wer": 100.0,
    "normalized_cer": 100.0
  },
  "0.95": {
    "wer": 100.0,
    "cer": 100.0,
    "normalized_wer": 100.0,
    "normalized_cer": 100.0
  },
  "1.0": {
    "wer": 100.0,
    "cer": 124.0535214189,
    "normalized_wer": 100.0,
    "normalized_cer": 100.0
  }
}