{
  "0.0": {
    "wer": 101.1363636364,
    "cer": 83.7879887978,
    "normalized_wer": 12.654155496,
    "normalized_cer": 5.4351208381,
    "actual_sparsity": 1.0705100502717002e-06
  },
  "0.05": {
    "wer": 102.4891774892,
    "cer": 83.1552743491,
    "normalized_wer": 11.1528150134,
    "normalized_cer": 4.3563945649,
    "actual_sparsity": 0.0500120336309241
  },
  "0.1": {
    "wer": 102.5974025974,
    "cer": 83.2071361892,
    "normalized_wer": 11.9571045576,
    "normalized_cer": 4.7090550773,
    "actual_sparsity": 0.1000551120533063
  },
  "0.15": {
    "wer": 102.380952381,
    "cer": 83.0930401411,
    "normalized_wer": 10.8310991957,
    "normalized_cer": 4.2630432528,
    "actual_sparsity": 0.150070851295943
  },
  "0.2": {
    "wer": 102.3268398268,
    "cer": 83.1034125091,
    "normalized_wer": 11.3672922252,
    "normalized_cer": 4.6468208692,
    "actual_sparsity": 0.2000353707500202
  },
  "0.25": {
    "wer": 102.7056277056,
    "cer": 83.0826677731,
    "normalized_wer": 11.2064343164,
    "normalized_cer": 4.4082564049,
    "actual_sparsity": 0.2500751827443003
  },
  "0.3": {
    "wer": 102.6515151515,
    "cer": 83.2797427653,
    "normalized_wer": 11.4745308311,
    "normalized_cer": 4.491235349,
    "actual_sparsity": 0.30002013107874037
  },
  "0.35": {
    "wer": 102.867965368,
    "cer": 83.3523493414,
    "normalized_wer": 12.1179624665,
    "normalized_cer": 4.9372471735,
    "actual_sparsity": 0.35021997060104915
  },
  "0.4": {
    "wer": 102.7056277056,
    "cer": 83.2589980293,
    "normalized_wer": 12.654155496,
    "normalized_cer": 4.8542682294,
    "actual_sparsity": 0.4001283843489015
  },
  "0.45": {
    "wer": 103.0844155844,
    "cer": 83.4353282854,
    "normalized_wer": 13.1903485255,
    "normalized_cer": 5.1861840058,
    "actual_sparsity": 0.4500779166622748
  },
  "0.5": {
    "wer": 102.5432900433,
    "cer": 83.5183072295,
    "normalized_wer": 13.672922252,
    "normalized_cer": 5.9329945026,
    "actual_sparsity": 0.5002567028202615
  },
  "0.55": {
    "wer": 104.0043290043,
    "cer": 84.4103308785,
    "normalized_wer": 17.5871313673,
    "normalized_cer": 8.1734259932,
    "actual_sparsity": 0.5503365354210366
  },
  "0.6": {
    "wer": 103.1926406926,
    "cer": 83.9954361581,
    "normalized_wer": 17.3190348525,
    "normalized_cer": 8.3290115133,
    "actual_sparsity": 0.6000446814425601
  },
  "0.65": {
    "wer": 103.5173160173,
    "cer": 84.4103308785,
    "normalized_wer": 20.6434316354,
    "normalized_cer": 9.1069391142,
    "actual_sparsity": 0.6500014328365289
  },
  "0.7": {
    "wer": 104.2207792208,
    "cer": 85.0741624313,
    "normalized_wer": 24.0214477212,
    "normalized_cer": 11.3162535007,
    "actual_sparsity": 0.7000650979906471
  },
  "0.75": {
    "wer": 106.4935064935,
    "cer": 87.2834768178,
    "normalized_wer": 43.5388739946,
    "normalized_cer": 24.6966082357,
    "actual_sparsity": 0.7501285710019359
  },
  "0.8": {
    "wer": 103.4632034632,
    "cer": 87.542786018,
    "normalized_wer": 95.7104557641,
    "normalized_cer": 70.3039103827,
    "actual_sparsity": 0.8001473296318938
  },
  "0.85": {
    "wer": 107.2510822511,
    "cer": 88.0821491547,
    "normalized_wer": 98.6058981233,
    "normalized_cer": 72.2331708329,
    "actual_sparsity": 0.8501664999964865
  },
  "0.9": {
    "wer": 126.4069264069,
    "cer": 89.5031635722,
    "normalized_wer": 116.1394101877,
    "normalized_cer": 73.7786536666,
    "actual_sparsity": 0.9000162278344032
  },
  "0.95": {
    "wer": 138.2034632035,
    "cer": 100.0622342081,
    "normalized_wer": 127.8284182306,
    "normalized_cer": 79.9917021056,
    "actual_sparsity": 0.9500015810609973
  },
  "1.0": {
    "wer": 102.8138528139,
    "cer": 83.4871901255,
    "normalized_wer": 100,
    "normalized_cer": 100,
    "actual_sparsity": 0.4834011652419551
  }
}