{
  "0.0": {
    "wer": 101.1363636364,
    "cer": 83.7879887978,
    "normalized_wer": 12.654155496,
    "normalized_cer": 5.4351208381,
    "actual_sparsity": 1.0705100502717002e-06
  },
  "0.05": {
    "wer": 102.4891774892,
    "cer": 83.1552743491,
    "normalized_wer": 11.1528150134,
    "normalized_cer": 4.3563945649,
    "actual_sparsity": 0.0500120336309241
  },
  "0.1": {
    "wer": 102.5974025974,
    "cer": 83.2071361892,
    "normalized_wer": 11.9571045576,
    "normalized_cer": 4.7090550773,
    "actual_sparsity": 0.1000551120533063
  },
  "0.15": {
    "wer": 102.380952381,
    "cer": 83.0930401411,
    "normalized_wer": 10.8310991957,
    "normalized_cer": 4.2630432528,
    "actual_sparsity": 0.150070851295943
  },
  "0.2": {
    "wer": 102.3268398268,
    "cer": 83.1034125091,
    "normalized_wer": 11.3672922252,
    "normalized_cer": 4.6468208692,
    "actual_sparsity": 0.2000353707500202
  },
  "0.25": {
    "wer": 102.7056277056,
    "cer": 83.0826677731,
    "normalized_wer": 11.2064343164,
    "normalized_cer": 4.4082564049,
    "actual_sparsity": 0.2500751827443003
  },
  "0.3": {
    "wer": 102.6515151515,
    "cer": 83.2797427653,
    "normalized_wer": 11.4745308311,
    "normalized_cer": 4.491235349,
    "actual_sparsity": 0.30002013107874037
  },
  "0.35": {
    "wer": 102.6515151515,
    "cer": 83.2797427653,
    "normalized_wer": 11.4745308311,
    "normalized_cer": 4.491235349,
    "actual_sparsity": 0.30002013107874037
  },
  "0.4": {
    "wer": 102.4350649351,
    "cer": 83.3316046053,
    "normalized_wer": 11.9571045576,
    "normalized_cer": 5.0928326937,
    "actual_sparsity": 0.40000003293877073
  },
  "0.45": {
    "wer": 102.4350649351,
    "cer": 83.3316046053,
    "normalized_wer": 11.9571045576,
    "normalized_cer": 5.0928326937,
    "actual_sparsity": 0.40000003293877073
  },
  "0.5": {
    "wer": 103.0303030303,
    "cer": 83.5909138056,
    "normalized_wer": 13.2975871314,
    "normalized_cer": 5.7774089825,
    "actual_sparsity": 0.5000000548979513
  },
  "0.55": {
    "wer": 103.0303030303,
    "cer": 83.5909138056,
    "normalized_wer": 13.2975871314,
    "normalized_cer": 5.7774089825,
    "actual_sparsity": 0.5000000548979513
  },
  "0.6": {
    "wer": 103.5714285714,
    "cer": 84.1613940463,
    "normalized_wer": 14.9061662198,
    "normalized_cer": 7.0532102479,
    "actual_sparsity": 0.5999999945102048
  },
  "0.65": {
    "wer": 103.5714285714,
    "cer": 84.1613940463,
    "normalized_wer": 14.9061662198,
    "normalized_cer": 7.0532102479,
    "actual_sparsity": 0.5999999945102048
  },
  "0.7": {
    "wer": 102.9761904762,
    "cer": 84.0058085261,
    "normalized_wer": 16.4075067024,
    "normalized_cer": 7.9348615289,
    "actual_sparsity": 0.7000000164693854
  },
  "0.75": {
    "wer": 102.9761904762,
    "cer": 84.0058085261,
    "normalized_wer": 16.4075067024,
    "normalized_cer": 7.9348615289,
    "actual_sparsity": 0.7000000164693854
  },
  "0.8": {
    "wer": 103.2467532468,
    "cer": 84.4414479826,
    "normalized_wer": 18.5522788204,
    "normalized_cer": 8.7750233378,
    "actual_sparsity": 0.8000000109795903
  },
  "0.85": {
    "wer": 103.2467532468,
    "cer": 84.4414479826,
    "normalized_wer": 18.5522788204,
    "normalized_cer": 8.7750233378,
    "actual_sparsity": 0.8000000109795903
  },
  "0.9": {
    "wer": 108.0086580087,
    "cer": 89.1401306918,
    "normalized_wer": 44.0750670241,
    "normalized_cer": 26.6673581579,
    "actual_sparsity": 0.8999999780408194
  },
  "0.95": {
    "wer": 108.0086580087,
    "cer": 89.1401306918,
    "normalized_wer": 44.0750670241,
    "normalized_cer": 26.6673581579,
    "actual_sparsity": 0.8999999780408194
  },
  "1.0": {
    "wer": 100.0,
    "cer": 124.0535214189,
    "normalized_wer": 100.0,
    "normalized_cer": 100.0,
    "actual_sparsity": 1.0
  }
}