{
  "0.0": {
    "wer": 101.1363636364,
    "cer": 83.7879887978,
    "normalized_wer": 12.654155496,
    "normalized_cer": 5.4351208381
  },
  "0.05": {
    "wer": 101.0281385281,
    "cer": 83.7464993258,
    "normalized_wer": 12.3324396783,
    "normalized_cer": 5.341769526
  },
  "0.1": {
    "wer": 101.0822510823,
    "cer": 83.8709677419,
    "normalized_wer": 13.2439678284,
    "normalized_cer": 5.5492168862
  },
  "0.15": {
    "wer": 101.1363636364,
    "cer": 84.1510216782,
    "normalized_wer": 13.5120643432,
    "normalized_cer": 6.0782076548
  },
  "0.2": {
    "wer": 101.0822510823,
    "cer": 84.1717664143,
    "normalized_wer": 12.7077747989,
    "normalized_cer": 5.2173011098
  },
  "0.25": {
    "wer": 101.4069264069,
    "cer": 84.3584690385,
    "normalized_wer": 14.745308311,
    "normalized_cer": 6.2026760709
  },
  "0.3": {
    "wer": 108.3333333333,
    "cer": 88.0821491547,
    "normalized_wer": 28.5790884718,
    "normalized_cer": 13.9300902396
  },
  "0.35": {
    "wer": 158.8744588745,
    "cer": 132.0506171559,
    "normalized_wer": 106.5415549598,
    "normalized_cer": 72.3991287211
  },
  "0.4": {
    "wer": 271.2121212121,
    "cer": 228.6484804481,
    "normalized_wer": 262.5737265416,
    "normalized_cer": 192.3659371434
  },
  "0.45": {
    "wer": 263.2575757576,
    "cer": 180.4273415621,
    "normalized_wer": 258.6058981233,
    "normalized_cer": 134.3947723265
  },
  "0.5": {
    "wer": 106.9264069264,
    "cer": 132.9011513328,
    "normalized_wer": 106.4879356568,
    "normalized_cer": 103.4436261799
  },
  "0.55": {
    "wer": 100.0,
    "cer": 123.4830411783,
    "normalized_wer": 100.0,
    "normalized_cer": 99.968882896
  },
  "0.6": {
    "wer": 100.0,
    "cer": 100.1452131522,
    "normalized_wer": 100.0,
    "normalized_cer": 100.0
  },
  "0.65": {
    "wer": 100.0,
    "cer": 124.0535214189,
    "normalized_wer": 100.0,
    "normalized_cer": 100.0
  },
  "0.7": {
    "wer": 100.0,
    "cer": 124.0535214189,
    "normalized_wer": 100.0,
    "normalized_cer": 100.0
  },
  "0.75": {
    "wer": 100.0,
    "cer": 203.9622445804,
    "normalized_wer": 100.0,
    "normalized_cer": 100.0
  },
  "0.8": {
    "wer": 284.632034632,
    "cer": 473.3118971061,
    "normalized_wer": 282.6809651475,
    "normalized_cer": 305.5180997822
  },
  "0.85": {
    "wer": 100.0,
    "cer": 324.4580437714,
    "normalized_wer": 100.0,
    "normalized_cer": 311.5548179649
  },
  "0.9": {
    "wer": 100.0,
    "cer": 298.7241987346,
    "normalized_wer": 100.0,
    "normalized_cer": 286.7544860492
  },
  "0.95": {
    "wer": 100.0,
    "cer": 124.0535214189,
    "normalized_wer": 100.0,
    "normalized_cer": 124.0535214189
  },
  "1.0": {
    "wer": 100.0,
    "cer": 124.0535214189,
    "normalized_wer": 100.0,
    "normalized_cer": 100.0
  }
}