{
  "0.0": {
    "wer": 101.1363636364,
    "cer": 83.7879887978,
    "normalized_wer": 12.654155496,
    "normalized_cer": 5.4351208381,
    "actual_sparsity": 1.0705100502717002e-06
  },
  "0.05": {
    "wer": 102.4891774892,
    "cer": 83.0826677731,
    "normalized_wer": 10.7238605898,
    "normalized_cer": 4.0763406286,
    "actual_sparsity": 0.034483159943643926
  },
  "0.1": {
    "wer": 102.380952381,
    "cer": 83.061923037,
    "normalized_wer": 10.8847184987,
    "normalized_cer": 4.2837879888,
    "actual_sparsity": 0.08419421555658613
  },
  "0.15": {
    "wer": 102.5432900433,
    "cer": 83.2175085572,
    "normalized_wer": 11.2600536193,
    "normalized_cer": 4.4082564049,
    "actual_sparsity": 0.1339579732027728
  },
  "0.2": {
    "wer": 102.4350649351,
    "cer": 83.1345296131,
    "normalized_wer": 11.3136729223,
    "normalized_cer": 4.460118245,
    "actual_sparsity": 0.18364794800241724
  },
  "0.25": {
    "wer": 102.4350649351,
    "cer": 83.2071361892,
    "normalized_wer": 11.528150134,
    "normalized_cer": 4.9372471735,
    "actual_sparsity": 0.23336954402200838
  },
  "0.3": {
    "wer": 102.380952381,
    "cer": 82.9685717249,
    "normalized_wer": 11.7962466488,
    "normalized_cer": 4.4186287729,
    "actual_sparsity": 0.2844726195369951
  },
  "0.35": {
    "wer": 102.4891774892,
    "cer": 83.1241572451,
    "normalized_wer": 11.4745308311,
    "normalized_cer": 4.5845866611,
    "actual_sparsity": 0.33417313474328836
  },
  "0.4": {
    "wer": 102.9220779221,
    "cer": 83.2901151333,
    "normalized_wer": 12.2788203753,
    "normalized_cer": 4.9891090136,
    "actual_sparsity": 0.3839579732027728
  },
  "0.45": {
    "wer": 102.7597402597,
    "cer": 83.4664453895,
    "normalized_wer": 12.8150134048,
    "normalized_cer": 5.4040037341,
    "actual_sparsity": 0.43364794800241724
  },
  "0.5": {
    "wer": 102.867965368,
    "cer": 83.4664453895,
    "normalized_wer": 13.1367292225,
    "normalized_cer": 5.4766103101,
    "actual_sparsity": 0.4833695440220084
  },
  "0.55": {
    "wer": 103.0303030303,
    "cer": 83.8813401099,
    "normalized_wer": 14.7989276139,
    "normalized_cer": 6.254537911,
    "actual_sparsity": 0.5344726195369951
  },
  "0.6": {
    "wer": 108.1168831169,
    "cer": 85.5098018878,
    "normalized_wer": 22.144772118,
    "normalized_cer": 9.0861943782,
    "actual_sparsity": 0.5841942155565862
  },
  "0.65": {
    "wer": 104.7077922078,
    "cer": 84.3377243025,
    "normalized_wer": 19.8391420912,
    "normalized_cer": 8.7231614978,
    "actual_sparsity": 0.6339579732027728
  },
  "0.7": {
    "wer": 105.0324675325,
    "cer": 85.0326729592,
    "normalized_wer": 22.5201072386,
    "normalized_cer": 10.1856653874,
    "actual_sparsity": 0.6835847055625239
  },
  "0.75": {
    "wer": 105.1406926407,
    "cer": 85.3542163676,
    "normalized_wer": 25.308310992,
    "normalized_cer": 12.2497666217,
    "actual_sparsity": 0.7333695440220084
  },
  "0.8": {
    "wer": 105.6818181818,
    "cer": 86.7856031532,
    "normalized_wer": 38.6595174263,
    "normalized_cer": 20.6617570791,
    "actual_sparsity": 0.7844726195369951
  },
  "0.85": {
    "wer": 105.2489177489,
    "cer": 87.7502333783,
    "normalized_wer": 98.1233243968,
    "normalized_cer": 70.0238564464,
    "actual_sparsity": 0.8341942155565862
  },
  "0.9": {
    "wer": 100.5411255411,
    "cer": 87.7606057463,
    "normalized_wer": 92.1715817694,
    "normalized_cer": 70.4594959029,
    "actual_sparsity": 0.8839579732027728
  },
  "0.95": {
    "wer": 104.3831168831,
    "cer": 89.1505030598,
    "normalized_wer": 95.5495978552,
    "normalized_cer": 74.079452339,
    "actual_sparsity": 0.9335741651558751
  },
  "1.0": {
    "wer": 384.1991341991,
    "cer": 276.0605746292,
    "normalized_wer": 373.5120643432,
    "normalized_cer": 254.0815268126,
    "actual_sparsity": 0.979722563321493
  }
}