{
  "0": {
    "wer": 101.1363636364,
    "cer": 83.7879887978,
    "normalized_wer": 12.654155496,
    "normalized_cer": 5.4351208381
  },
  "0.05": {
    "wer": 101.1904761905,
    "cer": 83.8087335339,
    "normalized_wer": 12.9222520107,
    "normalized_cer": 5.4040037341
  },
  "0.1": {
    "wer": 101.0822510823,
    "cer": 83.7672440618,
    "normalized_wer": 12.8686327078,
    "normalized_cer": 5.341769526
  },
  "0.15": {
    "wer": 100.974025974,
    "cer": 83.6427756457,
    "normalized_wer": 12.654155496,
    "normalized_cer": 5.2691629499
  },
  "0.2": {
    "wer": 101.2987012987,
    "cer": 83.7464993258,
    "normalized_wer": 12.7077747989,
    "normalized_cer": 5.2691629499
  },
  "0.25": {
    "wer": 101.5151515152,
    "cer": 83.7776164298,
    "normalized_wer": 13.2975871314,
    "normalized_cer": 5.2276734779
  },
  "0.3": {
    "wer": 101.461038961,
    "cer": 83.6738927497,
    "normalized_wer": 14.7989276139,
    "normalized_cer": 5.8915050306
  },
  "0.35": {
    "wer": 101.9480519481,
    "cer": 84.3377243025,
    "normalized_wer": 15.8713136729,
    "normalized_cer": 6.2026760709
  },
  "0.4": {
    "wer": 102.3268398268,
    "cer": 85.0534176953,
    "normalized_wer": 18.981233244,
    "normalized_cer": 7.8933720568
  },
  "0.45": {
    "wer": 103.6796536797,
    "cer": 85.6238979359,
    "normalized_wer": 28.5254691689,
    "normalized_cer": 12.3327455658
  },
  "0.5": {
    "wer": 105.5194805195,
    "cer": 89.2127372679,
    "normalized_wer": 51.2064343164,
    "normalized_cer": 30.380665906
  },
  "0.55": {
    "wer": 129.816017316,
    "cer": 112.0112021575,
    "normalized_wer": 117.9624664879,
    "normalized_cer": 89.9491753967
  },
  "0.6": {
    "wer": 100.0,
    "cer": 100.0,
    "normalized_wer": 98.5522788204,
    "normalized_cer": 98.4752619023
  },
  "0.65": {
    "wer": 100.0,
    "cer": 100.0,
    "normalized_wer": 98.981233244,
    "normalized_cer": 98.4648895343
  },
  "0.7": {
    "wer": 100.0,
    "cer": 100.0,
    "normalized_wer": 99.1420911528,
    "normalized_cer": 98.3715382222
  },
  "0.75": {
    "wer": 100.0,
    "cer": 99.7718079037,
    "normalized_wer": 99.8927613941,
    "normalized_cer": 99.2739342392
  },
  "0.8": {
    "wer": 100.0,
    "cer": 124.98703454,
    "normalized_wer": 99.5174262735,
    "normalized_cer": 98.5271237424
  },
  "0.85": {
    "wer": 318.7229437229,
    "cer": 282.4499533243,
    "normalized_wer": 316.2466487936,
    "normalized_cer": 264.1219790478
  },
  "0.9": {
    "wer": 100.0,
    "cer": 100.0,
    "normalized_wer": 98.3914209115,
    "normalized_cer": 98.9835079349
  },
  "0.95": {
    "wer": 100.0,
    "cer": 100.0,
    "normalized_wer": 100.0,
    "normalized_cer": 100.0
  },
  "1.0": {
    "wer": 100.0,
    "cer": 100.0,
    "normalized_wer": 100.0,
    "normalized_cer": 94.1292397054
  }
}