{
  "0.0": {
    "wer": 99.512987013,
    "cer": 83.3523493414,
    "normalized_wer": 4.4504021448,
    "normalized_cer": 2.0641012343
  },
  "0.05": {
    "wer": 99.512987013,
    "cer": 83.3523493414,
    "normalized_wer": 4.4504021448,
    "normalized_cer": 2.0641012343
  },
  "0.1": {
    "wer": 99.6212121212,
    "cer": 83.4042111814,
    "normalized_wer": 4.6648793566,
    "normalized_cer": 2.1470801784
  },
  "0.15": {
    "wer": 99.6212121212,
    "cer": 83.3108598693,
    "normalized_wer": 4.7721179625,
    "normalized_cer": 2.2715485945
  },
  "0.2": {
    "wer": 99.4047619048,
    "cer": 82.9789440929,
    "normalized_wer": 3.5924932976,
    "normalized_cer": 1.2550565294
  },
  "0.25": {
    "wer": 99.4047619048,
    "cer": 82.8959651488,
    "normalized_wer": 3.3243967828,
    "normalized_cer": 1.1305881133
  },
  "0.3": {
    "wer": 99.6212121212,
    "cer": 82.9478269889,
    "normalized_wer": 3.5924932976,
    "normalized_cer": 1.2239394254
  },
  "0.35": {
    "wer": 99.3506493506,
    "cer": 82.8026138367,
    "normalized_wer": 3.3780160858,
    "normalized_cer": 1.1824499533
  },
  "0.4": {
    "wer": 99.5670995671,
    "cer": 82.6574006846,
    "normalized_wer": 3.8605898123,
    "normalized_cer": 1.3380354735
  },
  "0.45": {
    "wer": 99.5670995671,
    "cer": 82.4395809563,
    "normalized_wer": 4.0214477212,
    "normalized_cer": 1.4936209937
  },
  "0.5": {
    "wer": 99.8917748918,
    "cer": 82.0246862359,
    "normalized_wer": 5.2010723861,
    "normalized_cer": 1.9603775542
  },
  "0.55": {
    "wer": 104.3831168831,
    "cer": 84.5347992947,
    "normalized_wer": 13.8337801609,
    "normalized_cer": 6.4101234312
  },
  "0.6": {
    "wer": 105.3571428571,
    "cer": 85.727621616,
    "normalized_wer": 30.8310991957,
    "normalized_cer": 18.5976558448
  },
  "0.65": {
    "wer": 220.2922077922,
    "cer": 139.7676589565,
    "normalized_wer": 209.7587131367,
    "normalized_cer": 126.5740068458
  },
  "0.7": {
    "wer": 395.7251082251,
    "cer": 284.9393216471,
    "normalized_wer": 384.9329758713,
    "normalized_cer": 262.4209106939
  },
  "0.75": {
    "wer": 160.2813852814,
    "cer": 116.5646717146,
    "normalized_wer": 152.0107238606,
    "normalized_cer": 97.9047816617
  },
  "0.8": {
    "wer": 124.4588744589,
    "cer": 91.038274038,
    "normalized_wer": 116.4611260054,
    "normalized_cer": 74.3906233793
  },
  "0.85": {
    "wer": 100.0,
    "cer": 99.9481381599,
    "normalized_wer": 100.0,
    "normalized_cer": 94.6997199461
  },
  "0.9": {
    "wer": 100.0,
    "cer": 100.0,
    "normalized_wer": 100.0,
    "normalized_cer": 100.0
  },
  "0.95": {
    "wer": 100.0,
    "cer": 100.0,
    "normalized_wer": 100.0,
    "normalized_cer": 100.0
  },
  "1.0": {
    "wer": 100.0,
    "cer": 100.0,
    "normalized_wer": 100.0,
    "normalized_cer": 100.0
  }
}