{
  "0.0": {
    "wer": 101.1363636364,
    "cer": 83.7879887978,
    "normalized_wer": 12.654155496,
    "normalized_cer": 5.4351208381,
    "actual_sparsity": 1.0705100502717002e-06
  },
  "0.05": {
    "wer": 101.1904761905,
    "cer": 83.7568716938,
    "normalized_wer": 12.654155496,
    "normalized_cer": 5.3106524219,
    "actual_sparsity": 0.03464126604337725
  },
  "0.1": {
    "wer": 101.0822510823,
    "cer": 83.7776164298,
    "normalized_wer": 12.3860589812,
    "normalized_cer": 5.2691629499,
    "actual_sparsity": 0.08433124084302168
  },
  "0.15": {
    "wer": 101.1363636364,
    "cer": 83.7257545898,
    "normalized_wer": 12.7077747989,
    "normalized_cer": 5.2899076859,
    "actual_sparsity": 0.13408445808255953
  },
  "0.2": {
    "wer": 101.5692640693,
    "cer": 84.0369256301,
    "normalized_wer": 13.4584450402,
    "normalized_cer": 5.8603879266,
    "actual_sparsity": 0.18380605410215056
  },
  "0.25": {
    "wer": 101.2987012987,
    "cer": 83.8605953739,
    "normalized_wer": 12.9758713137,
    "normalized_cer": 5.331397158,
    "actual_sparsity": 0.23348548849514617
  },
  "0.3": {
    "wer": 101.2445887446,
    "cer": 83.6531480137,
    "normalized_wer": 13.6193029491,
    "normalized_cer": 5.6944300384,
    "actual_sparsity": 0.28464126604337725
  },
  "0.35": {
    "wer": 101.4069264069,
    "cer": 83.922829582,
    "normalized_wer": 14.4235924933,
    "normalized_cer": 5.6840576704,
    "actual_sparsity": 0.3342785388097773
  },
  "0.4": {
    "wer": 101.6774891775,
    "cer": 84.5140545587,
    "normalized_wer": 17.4798927614,
    "normalized_cer": 7.2710299761,
    "actual_sparsity": 0.38406337726926176
  },
  "0.45": {
    "wer": 102.6515151515,
    "cer": 85.2816097915,
    "normalized_wer": 24.2895442359,
    "normalized_cer": 10.3205061716,
    "actual_sparsity": 0.4337533520689062
  },
  "0.5": {
    "wer": 122.0779220779,
    "cer": 100.2281920963,
    "normalized_wer": 56.7292225201,
    "normalized_cer": 33.3264184213,
    "actual_sparsity": 0.48348548849514617
  },
  "0.55": {
    "wer": 156.8181818182,
    "cer": 128.4410330879,
    "normalized_wer": 141.3404825737,
    "normalized_cer": 98.236697438,
    "actual_sparsity": 0.5346412660433773
  },
  "0.6": {
    "wer": 195.1298701299,
    "cer": 111.617052173,
    "normalized_wer": 143.3243967828,
    "normalized_cer": 104.5534695571,
    "actual_sparsity": 0.5843628620629684
  },
  "0.65": {
    "wer": 108.1168831169,
    "cer": 98.5997303184,
    "normalized_wer": 100.0,
    "normalized_cer": 100.0,
    "actual_sparsity": 0.6341160793025061
  },
  "0.7": {
    "wer": 107.5757575758,
    "cer": 102.1885696505,
    "normalized_wer": 107.399463807,
    "normalized_cer": 101.2861736334,
    "actual_sparsity": 0.6837217308489595
  },
  "0.75": {
    "wer": 460.7683982684,
    "cer": 345.1612903226,
    "normalized_wer": 449.3833780161,
    "normalized_cer": 310.4553469557,
    "actual_sparsity": 0.7334854884951462
  },
  "0.8": {
    "wer": 519.4805194805,
    "cer": 379.1307955606,
    "normalized_wer": 507.5603217158,
    "normalized_cer": 355.8137122705,
    "actual_sparsity": 0.7846412660433773
  },
  "0.85": {
    "wer": 519.4805194805,
    "cer": 378.0935587595,
    "normalized_wer": 514.4235924933,
    "normalized_cer": 367.6900736438,
    "actual_sparsity": 0.8343312408430217
  },
  "0.9": {
    "wer": 519.4805194805,
    "cer": 379.1307955606,
    "normalized_wer": 514.4235924933,
    "normalized_cer": 368.8725235971,
    "actual_sparsity": 0.8840633772692618
  },
  "0.95": {
    "wer": 100.0,
    "cer": 99.4502644954,
    "normalized_wer": 99.3029490617,
    "normalized_cer": 98.22632507,
    "actual_sparsity": 0.9337428116622573
  },
  "1.0": {
    "wer": 100.0,
    "cer": 100.0,
    "normalized_wer": 100.0,
    "normalized_cer": 93.6002489368,
    "actual_sparsity": 0.9797331037281418
  }
}