{
  "0.0": {
    "wer": 101.1363636364,
    "cer": 83.7879887978,
    "normalized_wer": 12.654155496,
    "normalized_cer": 5.4351208381,
    "actual_sparsity": 1.0705100502717002e-06
  },
  "0.05": {
    "wer": 102.2727272727,
    "cer": 83.030805933,
    "normalized_wer": 10.2412868633,
    "normalized_cer": 4.0867129966,
    "actual_sparsity": 0.034483159943643926
  },
  "0.1": {
    "wer": 102.380952381,
    "cer": 83.061923037,
    "normalized_wer": 10.8847184987,
    "normalized_cer": 4.2837879888,
    "actual_sparsity": 0.08419421555658613
  },
  "0.15": {
    "wer": 102.5432900433,
    "cer": 83.2175085572,
    "normalized_wer": 11.2600536193,
    "normalized_cer": 4.4082564049,
    "actual_sparsity": 0.1339579732027728
  },
  "0.2": {
    "wer": 102.4350649351,
    "cer": 83.1345296131,
    "normalized_wer": 11.3136729223,
    "normalized_cer": 4.460118245,
    "actual_sparsity": 0.18364794800241724
  },
  "0.25": {
    "wer": 102.4350649351,
    "cer": 83.2071361892,
    "normalized_wer": 11.528150134,
    "normalized_cer": 4.9372471735,
    "actual_sparsity": 0.23336954402200838
  },
  "0.3": {
    "wer": 102.380952381,
    "cer": 82.9685717249,
    "normalized_wer": 11.7962466488,
    "normalized_cer": 4.4186287729,
    "actual_sparsity": 0.2844726195369951
  },
  "0.35": {
    "wer": 102.4891774892,
    "cer": 83.1241572451,
    "normalized_wer": 11.4745308311,
    "normalized_cer": 4.5845866611,
    "actual_sparsity": 0.33417313474328836
  },
  "0.4": {
    "wer": 102.9220779221,
    "cer": 83.2901151333,
    "normalized_wer": 12.2788203753,
    "normalized_cer": 4.9891090136,
    "actual_sparsity": 0.3839579732027728
  },
  "0.45": {
    "wer": 102.9220779221,
    "cer": 83.2901151333,
    "normalized_wer": 12.2788203753,
    "normalized_cer": 4.9891090136,
    "actual_sparsity": 0.3839579732027728
  },
  "0.5": {
    "wer": 103.0303030303,
    "cer": 83.4249559174,
    "normalized_wer": 13.5656836461,
    "normalized_cer": 5.6633129343,
    "actual_sparsity": 0.4834011652419551
  },
  "0.55": {
    "wer": 103.0303030303,
    "cer": 83.4249559174,
    "normalized_wer": 13.5656836461,
    "normalized_cer": 5.6633129343,
    "actual_sparsity": 0.4834011652419551
  },
  "0.6": {
    "wer": 103.1385281385,
    "cer": 83.7879887978,
    "normalized_wer": 15.6568364611,
    "normalized_cer": 6.9391141998,
    "actual_sparsity": 0.5842363771831818
  },
  "0.65": {
    "wer": 103.1385281385,
    "cer": 83.7879887978,
    "normalized_wer": 15.6568364611,
    "normalized_cer": 6.9391141998,
    "actual_sparsity": 0.5842363771831818
  },
  "0.7": {
    "wer": 103.4090909091,
    "cer": 84.2132558863,
    "normalized_wer": 19.0348525469,
    "normalized_cer": 8.8061404419,
    "actual_sparsity": 0.683669028815715
  },
  "0.75": {
    "wer": 103.4090909091,
    "cer": 84.2132558863,
    "normalized_wer": 19.0348525469,
    "normalized_cer": 8.8061404419,
    "actual_sparsity": 0.683669028815715
  },
  "0.8": {
    "wer": 104.1666666667,
    "cer": 84.9393216471,
    "normalized_wer": 25.8445040214,
    "normalized_cer": 12.9550876465,
    "actual_sparsity": 0.7843777558771551
  },
  "0.85": {
    "wer": 104.1666666667,
    "cer": 84.9393216471,
    "normalized_wer": 25.8445040214,
    "normalized_cer": 12.9550876465,
    "actual_sparsity": 0.7843777558771551
  },
  "0.9": {
    "wer": 106.9805194805,
    "cer": 87.6465096982,
    "normalized_wer": 44.2895442359,
    "normalized_cer": 25.4019292605,
    "actual_sparsity": 0.8837366246631462
  },
  "0.95": {
    "wer": 106.9805194805,
    "cer": 87.6465096982,
    "normalized_wer": 44.2895442359,
    "normalized_cer": 25.4019292605,
    "actual_sparsity": 0.8837366246631462
  },
  "1.0": {
    "wer": 138.474025974,
    "cer": 101.2861736334,
    "normalized_wer": 128.5254691689,
    "normalized_cer": 83.2901151333,
    "actual_sparsity": 0.8999992094695013
  }
}