{
  "0.0": {
    "wer": 101.1363636364,
    "cer": 83.7879887978,
    "normalized_wer": 12.654155496,
    "normalized_cer": 5.4351208381,
    "actual_sparsity": 1.0705100502717002e-06
  },
  "0.05": {
    "wer": 102.4350649351,
    "cer": 83.1137848771,
    "normalized_wer": 10.509383378,
    "normalized_cer": 4.2319261487,
    "actual_sparsity": 0.050021585874449714
  },
  "0.1": {
    "wer": 102.3268398268,
    "cer": 83.051550669,
    "normalized_wer": 10.509383378,
    "normalized_cer": 4.2837879888,
    "actual_sparsity": 0.10001506399783566
  },
  "0.15": {
    "wer": 102.4891774892,
    "cer": 83.030805933,
    "normalized_wer": 11.1528150134,
    "normalized_cer": 4.429001141,
    "actual_sparsity": 0.15003983395346054
  },
  "0.2": {
    "wer": 102.4350649351,
    "cer": 83.030805933,
    "normalized_wer": 11.3672922252,
    "normalized_cer": 4.429001141,
    "actual_sparsity": 0.2000744855403188
  },
  "0.25": {
    "wer": 102.7056277056,
    "cer": 83.2278809252,
    "normalized_wer": 12.1179624665,
    "normalized_cer": 4.7609169173,
    "actual_sparsity": 0.2501383702862423
  },
  "0.3": {
    "wer": 102.5974025974,
    "cer": 83.0826677731,
    "normalized_wer": 11.4745308311,
    "normalized_cer": 4.5119800851,
    "actual_sparsity": 0.3000535913800555
  },
  "0.35": {
    "wer": 102.5974025974,
    "cer": 83.0826677731,
    "normalized_wer": 11.4745308311,
    "normalized_cer": 4.5119800851,
    "actual_sparsity": 0.3000535913800555
  },
  "0.4": {
    "wer": 102.8138528139,
    "cer": 83.3108598693,
    "normalized_wer": 12.1715817694,
    "normalized_cer": 4.8750129655,
    "actual_sparsity": 0.3999992094695013
  },
  "0.45": {
    "wer": 102.8138528139,
    "cer": 83.3108598693,
    "normalized_wer": 12.1715817694,
    "normalized_cer": 4.8750129655,
    "actual_sparsity": 0.3999992094695013
  },
  "0.5": {
    "wer": 103.5173160173,
    "cer": 83.7464993258,
    "normalized_wer": 14.4772117962,
    "normalized_cer": 6.223420807,
    "actual_sparsity": 0.5000000274489756
  },
  "0.55": {
    "wer": 103.5173160173,
    "cer": 83.7464993258,
    "normalized_wer": 14.4772117962,
    "normalized_cer": 6.223420807,
    "actual_sparsity": 0.5000000274489756
  },
  "0.6": {
    "wer": 102.867965368,
    "cer": 83.8502230059,
    "normalized_wer": 15.4423592493,
    "normalized_cer": 7.0635826159,
    "actual_sparsity": 0.5999990612450328
  },
  "0.65": {
    "wer": 102.867965368,
    "cer": 83.8502230059,
    "normalized_wer": 15.4423592493,
    "normalized_cer": 7.0635826159,
    "actual_sparsity": 0.5999990612450328
  },
  "0.7": {
    "wer": 103.354978355,
    "cer": 84.3273519344,
    "normalized_wer": 17.908847185,
    "normalized_cer": 8.5883207136,
    "actual_sparsity": 0.6999994400408968
  },
  "0.75": {
    "wer": 103.354978355,
    "cer": 84.3273519344,
    "normalized_wer": 17.908847185,
    "normalized_cer": 8.5883207136,
    "actual_sparsity": 0.6999994400408968
  },
  "0.8": {
    "wer": 104.1125541126,
    "cer": 85.0119282232,
    "normalized_wer": 22.8418230563,
    "normalized_cer": 11.1710403485,
    "actual_sparsity": 0.7999988855715887
  },
  "0.85": {
    "wer": 104.1125541126,
    "cer": 85.0119282232,
    "normalized_wer": 22.8418230563,
    "normalized_cer": 11.1710403485,
    "actual_sparsity": 0.7999988855715887
  },
  "0.9": {
    "wer": 117.803030303,
    "cer": 90.5611451094,
    "normalized_wer": 106.5951742627,
    "normalized_cer": 70.9366248314,
    "actual_sparsity": 0.8999992094695013
  },
  "0.95": {
    "wer": 117.803030303,
    "cer": 90.5611451094,
    "normalized_wer": 106.5951742627,
    "normalized_cer": 70.9366248314,
    "actual_sparsity": 0.8999992094695013
  },
  "1.0": {
    "wer": 100.0,
    "cer": 124.0535214189,
    "normalized_wer": 100.0,
    "normalized_cer": 100.0,
    "actual_sparsity": 1.0
  }
}