{
  "0.0": {
    "wer": 101.1363636364,
    "cer": 83.7879887978,
    "normalized_wer": 12.654155496,
    "normalized_cer": 5.4351208381
  },
  "0.05": {
    "wer": 100.9199134199,
    "cer": 83.7050098537,
    "normalized_wer": 12.2252010724,
    "normalized_cer": 5.2899076859
  },
  "0.1": {
    "wer": 101.0822510823,
    "cer": 83.6738927497,
    "normalized_wer": 12.2788203753,
    "normalized_cer": 4.9787366456
  },
  "0.15": {
    "wer": 101.3528138528,
    "cer": 84.0680427342,
    "normalized_wer": 13.4584450402,
    "normalized_cer": 6.264910279
  },
  "0.2": {
    "wer": 101.2987012987,
    "cer": 84.0680427342,
    "normalized_wer": 14.2627345845,
    "normalized_cer": 5.7670366145
  },
  "0.25": {
    "wer": 102.0562770563,
    "cer": 84.2443729904,
    "normalized_wer": 15.6032171582,
    "normalized_cer": 6.3893786952
  },
  "0.3": {
    "wer": 102.5974025974,
    "cer": 84.783736127,
    "normalized_wer": 19.8391420912,
    "normalized_cer": 8.8787470179
  },
  "0.35": {
    "wer": 132.2510822511,
    "cer": 107.4473602323,
    "normalized_wer": 67.2386058981,
    "normalized_cer": 40.8463852297
  },
  "0.4": {
    "wer": 292.316017316,
    "cer": 247.4120941811,
    "normalized_wer": 281.1260053619,
    "normalized_cer": 209.801887771
  },
  "0.45": {
    "wer": 337.5541125541,
    "cer": 271.0507208796,
    "normalized_wer": 332.3860589812,
    "normalized_cer": 232.6210973965
  },
  "0.5": {
    "wer": 100.0,
    "cer": 123.7216056426,
    "normalized_wer": 98.8739946381,
    "normalized_cer": 98.7449434706
  },
  "0.55": {
    "wer": 103.5714285714,
    "cer": 125.0907582201,
    "normalized_wer": 103.109919571,
    "normalized_cer": 100.2385644643
  },
  "0.6": {
    "wer": 100.0,
    "cer": 124.0535214189,
    "normalized_wer": 100.0,
    "normalized_cer": 100.0
  },
  "0.65": {
    "wer": 100.0,
    "cer": 124.0535214189,
    "normalized_wer": 100.0,
    "normalized_cer": 100.0
  },
  "0.7": {
    "wer": 100.0,
    "cer": 124.0535214189,
    "normalized_wer": 100.0,
    "normalized_cer": 100.0
  },
  "0.75": {
    "wer": 519.4805194805,
    "cer": 184.9911834872,
    "normalized_wer": 100.0,
    "normalized_cer": 100.0
  },
  "0.8": {
    "wer": 519.4805194805,
    "cer": 184.9911834872,
    "normalized_wer": 105.0938337802,
    "normalized_cer": 99.0146250389
  },
  "0.85": {
    "wer": 100.0,
    "cer": 398.2989316461,
    "normalized_wer": 100.0,
    "normalized_cer": 380.1576599938
  },
  "0.9": {
    "wer": 100.0,
    "cer": 298.7241987346,
    "normalized_wer": 100.0,
    "normalized_cer": 286.7544860492
  },
  "0.95": {
    "wer": 100.0,
    "cer": 122.9021885697,
    "normalized_wer": 100.0,
    "normalized_cer": 123.5245306503
  },
  "1.0": {
    "wer": 100.0,
    "cer": 124.0535214189,
    "normalized_wer": 100.0,
    "normalized_cer": 100.0
  }
}