{
  "0.0": {
    "wer": 100.1623376623,
    "cer": 83.2901151333,
    "normalized_wer": 8.3646112601,
    "normalized_cer": 3.2258064516
  },
  "0.05": {
    "wer": 100.1623376623,
    "cer": 83.3419769733,
    "normalized_wer": 8.5254691689,
    "normalized_cer": 3.3087853957
  },
  "0.1": {
    "wer": 100.1623376623,
    "cer": 83.2901151333,
    "normalized_wer": 8.471849866,
    "normalized_cer": 3.2776682917
  },
  "0.15": {
    "wer": 100.1623376623,
    "cer": 83.1760190852,
    "normalized_wer": 8.6327077748,
    "normalized_cer": 3.3399024997
  },
  "0.2": {
    "wer": 100.3787878788,
    "cer": 83.1345296131,
    "normalized_wer": 8.0965147453,
    "normalized_cer": 3.1220827715
  },
  "0.25": {
    "wer": 100.5952380952,
    "cer": 83.0930401411,
    "normalized_wer": 9.2225201072,
    "normalized_cer": 3.7133077482
  },
  "0.3": {
    "wer": 100.2705627706,
    "cer": 82.8648480448,
    "normalized_wer": 9.2761394102,
    "normalized_cer": 3.9207551084
  },
  "0.35": {
    "wer": 100.3787878788,
    "cer": 82.8441033088,
    "normalized_wer": 10.509383378,
    "normalized_cer": 4.3771393009
  },
  "0.4": {
    "wer": 100.3246753247,
    "cer": 82.9374546209,
    "normalized_wer": 11.9571045576,
    "normalized_cer": 5.1550669018
  },
  "0.45": {
    "wer": 100.6493506494,
    "cer": 83.1967638212,
    "normalized_wer": 18.3914209115,
    "normalized_cer": 8.8061404419
  },
  "0.5": {
    "wer": 106.5476190476,
    "cer": 89.7313556685,
    "normalized_wer": 31.6890080429,
    "normalized_cer": 20.3817031428
  },
  "0.55": {
    "wer": 117.4242424242,
    "cer": 102.7797946271,
    "normalized_wer": 79.5710455764,
    "normalized_cer": 55.7307333264
  },
  "0.6": {
    "wer": 117.9653679654,
    "cer": 117.6433979878,
    "normalized_wer": 102.6273458445,
    "normalized_cer": 101.2031946893
  },
  "0.65": {
    "wer": 111.3095238095,
    "cer": 107.7274141687,
    "normalized_wer": 107.6675603217,
    "normalized_cer": 103.609584068
  },
  "0.7": {
    "wer": 100.0,
    "cer": 110.9117311482,
    "normalized_wer": 98.927613941,
    "normalized_cer": 98.3819105902
  },
  "0.75": {
    "wer": 113.8528138528,
    "cer": 104.1800643087,
    "normalized_wer": 100.0,
    "normalized_cer": 100.0
  },
  "0.8": {
    "wer": 100.0,
    "cer": 100.0,
    "normalized_wer": 100.0,
    "normalized_cer": 100.0
  },
  "0.85": {
    "wer": 519.4805194805,
    "cer": 578.2802613837,
    "normalized_wer": 514.745308311,
    "normalized_cer": 578.1039311275
  },
  "0.9": {
    "wer": 100.0,
    "cer": 497.8736645576,
    "normalized_wer": 100.0,
    "normalized_cer": 497.8736645576
  },
  "0.95": {
    "wer": 100.0,
    "cer": 398.2989316461,
    "normalized_wer": 100.0,
    "normalized_cer": 398.2989316461
  },
  "1.0": {
    "wer": 100.0,
    "cer": 398.2989316461,
    "normalized_wer": 100.0,
    "normalized_cer": 398.2989316461
  }
}