{
  "0.0": {
    "wer": 99.512987013,
    "cer": 83.2589980293,
    "normalized_wer": 4.5040214477,
    "normalized_cer": 2.1470801784
  },
  "0.05": {
    "wer": 99.512987013,
    "cer": 83.2693703973,
    "normalized_wer": 4.5576407507,
    "normalized_cer": 2.1574525464
  },
  "0.1": {
    "wer": 99.512987013,
    "cer": 83.0826677731,
    "normalized_wer": 3.5388739946,
    "normalized_cer": 1.2135670574
  },
  "0.15": {
    "wer": 99.512987013,
    "cer": 83.041178301,
    "normalized_wer": 3.6461126005,
    "normalized_cer": 1.2239394254
  },
  "0.2": {
    "wer": 99.512987013,
    "cer": 83.051550669,
    "normalized_wer": 3.6997319035,
    "normalized_cer": 1.2239394254
  },
  "0.25": {
    "wer": 99.512987013,
    "cer": 83.010061197,
    "normalized_wer": 3.6461126005,
    "normalized_cer": 1.1513328493
  },
  "0.3": {
    "wer": 99.4588744589,
    "cer": 82.9581993569,
    "normalized_wer": 4.0750670241,
    "normalized_cer": 1.4106420496
  },
  "0.35": {
    "wer": 99.6212121212,
    "cer": 82.7507519967,
    "normalized_wer": 4.0750670241,
    "normalized_cer": 1.5039933617
  },
  "0.4": {
    "wer": 99.6212121212,
    "cer": 82.6159112125,
    "normalized_wer": 4.235924933,
    "normalized_cer": 1.5143657297
  },
  "0.45": {
    "wer": 99.6212121212,
    "cer": 82.4395809563,
    "normalized_wer": 4.8257372654,
    "normalized_cer": 1.6180894098
  },
  "0.5": {
    "wer": 100.3246753247,
    "cer": 82.5433046364,
    "normalized_wer": 7.5603217158,
    "normalized_cer": 2.9353801473
  },
  "0.55": {
    "wer": 101.4069264069,
    "cer": 82.9789440929,
    "normalized_wer": 15.5495978552,
    "normalized_cer": 7.2191681361
  },
  "0.6": {
    "wer": 187.987012987,
    "cer": 138.9378695156,
    "normalized_wer": 151.2600536193,
    "normalized_cer": 103.1739446116
  },
  "0.65": {
    "wer": 100.0,
    "cer": 99.6784565916,
    "normalized_wer": 96.0321715818,
    "normalized_cer": 95.9962659475
  },
  "0.7": {
    "wer": 100.0,
    "cer": 100.0,
    "normalized_wer": 98.3378016086,
    "normalized_cer": 98.9420184628
  },
  "0.75": {
    "wer": 100.0,
    "cer": 100.0,
    "normalized_wer": 96.5683646113,
    "normalized_cer": 97.0749922207
  },
  "0.8": {
    "wer": 100.0541125541,
    "cer": 99.8340421118,
    "normalized_wer": 100.0536193029,
    "normalized_cer": 99.6369671196
  },
  "0.85": {
    "wer": 100.0,
    "cer": 100.0,
    "normalized_wer": 100.0,
    "normalized_cer": 100.0
  },
  "0.9": {
    "wer": 100.0,
    "cer": 100.0,
    "normalized_wer": 100.0,
    "normalized_cer": 100.0
  },
  "0.95": {
    "wer": 100.0,
    "cer": 100.0,
    "normalized_wer": 100.0,
    "normalized_cer": 100.0
  },
  "1.0": {
    "wer": 100.0,
    "cer": 124.0535214189,
    "normalized_wer": 100.0,
    "normalized_cer": 100.0
  }
}