{
  "0.0": {
    "wer": 99.6753246753,
    "cer": 82.9478269889,
    "normalized_wer": 5.254691689,
    "normalized_cer": 1.77367493
  },
  "0.05": {
    "wer": 99.6753246753,
    "cer": 82.9581993569,
    "normalized_wer": 5.3619302949,
    "normalized_cer": 1.804792034
  },
  "0.1": {
    "wer": 99.6753246753,
    "cer": 82.9685717249,
    "normalized_wer": 5.5227882038,
    "normalized_cer": 1.9085157141
  },
  "0.15": {
    "wer": 99.6212121212,
    "cer": 82.9581993569,
    "normalized_wer": 5.5764075067,
    "normalized_cer": 1.9292604502
  },
  "0.2": {
    "wer": 99.6212121212,
    "cer": 82.9374546209,
    "normalized_wer": 5.3619302949,
    "normalized_cer": 1.815164402
  },
  "0.25": {
    "wer": 99.6212121212,
    "cer": 82.7092625246,
    "normalized_wer": 5.4691689008,
    "normalized_cer": 1.9188880821
  },
  "0.3": {
    "wer": 99.6753246753,
    "cer": 82.6677730526,
    "normalized_wer": 5.7372654155,
    "normalized_cer": 2.0018670262
  },
  "0.35": {
    "wer": 99.7294372294,
    "cer": 82.5744217405,
    "normalized_wer": 6.6487935657,
    "normalized_cer": 2.634581475
  },
  "0.4": {
    "wer": 99.7835497835,
    "cer": 82.5121875324,
    "normalized_wer": 7.4530831099,
    "normalized_cer": 2.8316564672
  },
  "0.45": {
    "wer": 100.0,
    "cer": 82.7818691007,
    "normalized_wer": 8.9544235925,
    "normalized_cer": 3.536977492
  },
  "0.5": {
    "wer": 100.5411255411,
    "cer": 82.5536770045,
    "normalized_wer": 13.1367292225,
    "normalized_cer": 5.0720879577
  },
  "0.55": {
    "wer": 106.8181818182,
    "cer": 86.0284202884,
    "normalized_wer": 31.0455764075,
    "normalized_cer": 14.6561560004
  },
  "0.6": {
    "wer": 247.3484848485,
    "cer": 174.8158904678,
    "normalized_wer": 218.981233244,
    "normalized_cer": 137.2264287937
  },
  "0.65": {
    "wer": 359.5779220779,
    "cer": 159.2054766103,
    "normalized_wer": 356.6756032172,
    "normalized_cer": 159.1328700342
  },
  "0.7": {
    "wer": 518.7229437229,
    "cer": 179.6079244892,
    "normalized_wer": 513.7801608579,
    "normalized_cer": 179.441966601
  },
  "0.75": {
    "wer": 518.7229437229,
    "cer": 179.6079244892,
    "normalized_wer": 513.7801608579,
    "normalized_cer": 179.441966601
  },
  "0.8": {
    "wer": 200.6493506494,
    "cer": 100.1452131522,
    "normalized_wer": 198.927613941,
    "normalized_cer": 100.031117104
  },
  "0.85": {
    "wer": 100.0,
    "cer": 100.0,
    "normalized_wer": 100.0,
    "normalized_cer": 100.0
  },
  "0.9": {
    "wer": 518.7229437229,
    "cer": 179.6079244892,
    "normalized_wer": 513.7801608579,
    "normalized_cer": 179.441966601
  },
  "0.95": {
    "wer": 100.0,
    "cer": 102.5516025309,
    "normalized_wer": 100.0,
    "normalized_cer": 100.0
  },
  "1.0": {
    "wer": 100.0,
    "cer": 124.0535214189,
    "normalized_wer": 100.0,
    "normalized_cer": 124.0535214189
  }
}